--
-- PostgreSQL database dump
--

-- Dumped from database version 15.1
-- Dumped by pg_dump version 15.1

SET statement_timeout = 0;
SET lock_timeout = 0;
SET idle_in_transaction_session_timeout = 0;
SET client_encoding = 'UTF8';
SET standard_conforming_strings = on;
SELECT pg_catalog.set_config('search_path', '', false);
SET check_function_bodies = false;
SET xmloption = content;
SET client_min_messages = warning;
SET row_security = off;

--
-- Name: content; Type: SCHEMA; Schema: -; Owner: example_user
--

CREATE SCHEMA content;


ALTER SCHEMA content OWNER TO example_user;

SET default_tablespace = '';

SET default_table_access_method = heap;

--
-- Name: account; Type: TABLE; Schema: content; Owner: example_user
--

CREATE TABLE content.account (
    id uuid NOT NULL,
    hide boolean NOT NULL,
    created_at timestamp with time zone NOT NULL,
    updated_at timestamp with time zone NOT NULL,
    link_opensea character varying(255),
    link_discord character varying(255),
    link_instagram character varying(255),
    link_medium character varying(255),
    link_twitter character varying(255),
    type character varying(20) NOT NULL,
    logo character varying(100) NOT NULL,
    cover character varying(100) NOT NULL,
    banner character varying(100) NOT NULL,
    name character varying(255) NOT NULL,
    url character varying(30) NOT NULL,
    description text NOT NULL,
    items_count integer NOT NULL,
    owners_count integer NOT NULL,
    collections_count integer NOT NULL,
    floor_price_count numeric(15,8) NOT NULL,
    volume_troded_count numeric(15,8) NOT NULL,
    profit numeric(15,8) NOT NULL,
    page_id uuid NOT NULL,
    CONSTRAINT account_collections_count_check CHECK ((collections_count >= 0)),
    CONSTRAINT account_items_count_check CHECK ((items_count >= 0)),
    CONSTRAINT account_owners_count_check CHECK ((owners_count >= 0))
);


ALTER TABLE content.account OWNER TO example_user;

--
-- Name: blockchain; Type: TABLE; Schema: content; Owner: example_user
--

CREATE TABLE content.blockchain (
    id uuid NOT NULL,
    created_at timestamp with time zone NOT NULL,
    updated_at timestamp with time zone NOT NULL,
    name character varying(255) NOT NULL
);


ALTER TABLE content.blockchain OWNER TO example_user;

--
-- Name: collection; Type: TABLE; Schema: content; Owner: example_user
--

CREATE TABLE content.collection (
    id uuid NOT NULL,
    hide boolean NOT NULL,
    created_at timestamp with time zone NOT NULL,
    updated_at timestamp with time zone NOT NULL,
    link_opensea character varying(255),
    link_discord character varying(255),
    link_instagram character varying(255),
    link_medium character varying(255),
    link_twitter character varying(255),
    type character varying(20) NOT NULL,
    logo character varying(100) NOT NULL,
    featured character varying(100) NOT NULL,
    banner character varying(100) NOT NULL,
    name character varying(255) NOT NULL,
    url character varying(30) NOT NULL,
    url_opensea character varying(255),
    category_opensea character varying(255) NOT NULL,
    percentage_fee numeric(15,8) NOT NULL,
    display_theme character varying(50) NOT NULL,
    description text NOT NULL,
    upload_blockchain boolean NOT NULL,
    smart_contract_address character varying(255),
    items_count integer NOT NULL,
    owners_count integer NOT NULL,
    floor_price_count numeric(15,8) NOT NULL,
    volume_troded_count numeric(15,8) NOT NULL,
    profit numeric(15,8) NOT NULL,
    creator_profit numeric(15,8) NOT NULL,
    creator_fee numeric(15,8) NOT NULL,
    account_id uuid NOT NULL,
    blockchain_id uuid NOT NULL,
    page_id uuid NOT NULL,
    status character varying(20) NOT NULL,
    CONSTRAINT collection_items_count_check CHECK ((items_count >= 0)),
    CONSTRAINT collection_owners_count_check CHECK ((owners_count >= 0))
);


ALTER TABLE content.collection OWNER TO example_user;

--
-- Name: collection_payment_tokens; Type: TABLE; Schema: content; Owner: example_user
--

CREATE TABLE content.collection_payment_tokens (
    id bigint NOT NULL,
    collection_id uuid NOT NULL,
    currencytoken_id uuid NOT NULL
);


ALTER TABLE content.collection_payment_tokens OWNER TO example_user;

--
-- Name: collection_payment_tokens_id_seq; Type: SEQUENCE; Schema: content; Owner: example_user
--

ALTER TABLE content.collection_payment_tokens ALTER COLUMN id ADD GENERATED BY DEFAULT AS IDENTITY (
    SEQUENCE NAME content.collection_payment_tokens_id_seq
    START WITH 1
    INCREMENT BY 1
    NO MINVALUE
    NO MAXVALUE
    CACHE 1
);


--
-- Name: creator_royalty_distribution; Type: TABLE; Schema: content; Owner: example_user
--

CREATE TABLE content.creator_royalty_distribution (
    id uuid NOT NULL,
    created_at timestamp with time zone NOT NULL,
    updated_at timestamp with time zone NOT NULL,
    wallet character varying(255) NOT NULL,
    percent numeric(15,8) NOT NULL
);


ALTER TABLE content.creator_royalty_distribution OWNER TO example_user;

--
-- Name: currency_token; Type: TABLE; Schema: content; Owner: example_user
--

CREATE TABLE content.currency_token (
    id uuid NOT NULL,
    created_at timestamp with time zone NOT NULL,
    updated_at timestamp with time zone NOT NULL,
    name character varying(10) NOT NULL,
    smart_contract_address character varying(255) NOT NULL,
    blockchain_id uuid NOT NULL
);


ALTER TABLE content.currency_token OWNER TO example_user;

--
-- Name: income_distribution; Type: TABLE; Schema: content; Owner: example_user
--

CREATE TABLE content.income_distribution (
    id uuid NOT NULL,
    created_at timestamp with time zone NOT NULL,
    updated_at timestamp with time zone NOT NULL,
    wallet character varying(255) NOT NULL,
    percent numeric(15,8) NOT NULL
);


ALTER TABLE content.income_distribution OWNER TO example_user;

--
-- Name: levels_stats; Type: TABLE; Schema: content; Owner: example_user
--

CREATE TABLE content.levels_stats (
    id uuid NOT NULL,
    created_at timestamp with time zone NOT NULL,
    updated_at timestamp with time zone NOT NULL,
    name character varying(50) NOT NULL,
    type character varying(6) NOT NULL,
    value_1 integer NOT NULL,
    value_2 integer NOT NULL,
    CONSTRAINT levels_stats_value_1_check CHECK ((value_1 >= 0)),
    CONSTRAINT levels_stats_value_2_check CHECK ((value_2 >= 0))
);


ALTER TABLE content.levels_stats OWNER TO example_user;

--
-- Name: pack; Type: TABLE; Schema: content; Owner: example_user
--

CREATE TABLE content.pack (
    id uuid NOT NULL,
    hide boolean NOT NULL,
    created_at timestamp with time zone NOT NULL,
    updated_at timestamp with time zone NOT NULL,
    type character varying(20) NOT NULL,
    name character varying(255) NOT NULL,
    price numeric(15,8) NOT NULL,
    status_price character varying(10) NOT NULL,
    investor_royalty numeric(15,8) NOT NULL,
    creator_royalty numeric(15,8) NOT NULL,
    description text NOT NULL,
    close boolean NOT NULL,
    close_image character varying(100),
    unlockable boolean NOT NULL,
    unlockable_content text,
    upload_blockchain boolean NOT NULL,
    status character varying(20) NOT NULL,
    "freeze" boolean NOT NULL,
    items_count integer NOT NULL,
    profit numeric(15,8) NOT NULL,
    collection_id uuid NOT NULL,
    currency_token_id uuid NOT NULL,
    wallet_owner character varying(255) NOT NULL,
    status_duration_date date NOT NULL,
    CONSTRAINT pack_items_count_check CHECK ((items_count >= 0))
);


ALTER TABLE content.pack OWNER TO example_user;

--
-- Name: pack_creator_royalty_distribution; Type: TABLE; Schema: content; Owner: example_user
--

CREATE TABLE content.pack_creator_royalty_distribution (
    id bigint NOT NULL,
    pack_id uuid NOT NULL,
    creatorroyaltydistribution_id uuid NOT NULL
);


ALTER TABLE content.pack_creator_royalty_distribution OWNER TO example_user;

--
-- Name: pack_creator_royalty_distribution_id_seq; Type: SEQUENCE; Schema: content; Owner: example_user
--

ALTER TABLE content.pack_creator_royalty_distribution ALTER COLUMN id ADD GENERATED BY DEFAULT AS IDENTITY (
    SEQUENCE NAME content.pack_creator_royalty_distribution_id_seq
    START WITH 1
    INCREMENT BY 1
    NO MINVALUE
    NO MAXVALUE
    CACHE 1
);


--
-- Name: pack_income_distribution; Type: TABLE; Schema: content; Owner: example_user
--

CREATE TABLE content.pack_income_distribution (
    id bigint NOT NULL,
    pack_id uuid NOT NULL,
    incomedistribution_id uuid NOT NULL
);


ALTER TABLE content.pack_income_distribution OWNER TO example_user;

--
-- Name: pack_income_distribution_id_seq; Type: SEQUENCE; Schema: content; Owner: example_user
--

ALTER TABLE content.pack_income_distribution ALTER COLUMN id ADD GENERATED BY DEFAULT AS IDENTITY (
    SEQUENCE NAME content.pack_income_distribution_id_seq
    START WITH 1
    INCREMENT BY 1
    NO MINVALUE
    NO MAXVALUE
    CACHE 1
);


--
-- Name: pack_levels_stats; Type: TABLE; Schema: content; Owner: example_user
--

CREATE TABLE content.pack_levels_stats (
    id bigint NOT NULL,
    pack_id uuid NOT NULL,
    levelsstats_id uuid NOT NULL
);


ALTER TABLE content.pack_levels_stats OWNER TO example_user;

--
-- Name: pack_levels_stats_id_seq; Type: SEQUENCE; Schema: content; Owner: example_user
--

ALTER TABLE content.pack_levels_stats ALTER COLUMN id ADD GENERATED BY DEFAULT AS IDENTITY (
    SEQUENCE NAME content.pack_levels_stats_id_seq
    START WITH 1
    INCREMENT BY 1
    NO MINVALUE
    NO MAXVALUE
    CACHE 1
);


--
-- Name: pack_properties; Type: TABLE; Schema: content; Owner: example_user
--

CREATE TABLE content.pack_properties (
    id bigint NOT NULL,
    pack_id uuid NOT NULL,
    properties_id uuid NOT NULL
);


ALTER TABLE content.pack_properties OWNER TO example_user;

--
-- Name: pack_properties_id_seq; Type: SEQUENCE; Schema: content; Owner: example_user
--

ALTER TABLE content.pack_properties ALTER COLUMN id ADD GENERATED BY DEFAULT AS IDENTITY (
    SEQUENCE NAME content.pack_properties_id_seq
    START WITH 1
    INCREMENT BY 1
    NO MINVALUE
    NO MAXVALUE
    CACHE 1
);


--
-- Name: page; Type: TABLE; Schema: content; Owner: example_user
--

CREATE TABLE content.page (
    id uuid NOT NULL,
    hide boolean NOT NULL,
    created_at timestamp with time zone NOT NULL,
    updated_at timestamp with time zone NOT NULL,
    name character varying(255) NOT NULL,
    number integer NOT NULL,
    url character varying(30) NOT NULL,
    banner character varying(100) NOT NULL,
    title_1 character varying(255) NOT NULL,
    description text NOT NULL,
    title_2 character varying(255) NOT NULL,
    application_form character varying(255) NOT NULL,
    icon character varying(100),
    CONSTRAINT page_number_check CHECK ((number >= 0))
);


ALTER TABLE content.page OWNER TO example_user;

--
-- Name: properties; Type: TABLE; Schema: content; Owner: example_user
--

CREATE TABLE content.properties (
    id uuid NOT NULL,
    created_at timestamp with time zone NOT NULL,
    updated_at timestamp with time zone NOT NULL,
    name character varying(256) NOT NULL,
    type character varying(50) NOT NULL
);


ALTER TABLE content.properties OWNER TO example_user;

--
-- Name: short_url; Type: TABLE; Schema: content; Owner: example_user
--

CREATE TABLE content.short_url (
    id bigint NOT NULL,
    collection_name character varying(255) NOT NULL,
    token_name character varying(255) NOT NULL,
    full_url character varying(200) NOT NULL,
    url_hash character varying(50) NOT NULL,
    clicks integer NOT NULL,
    generate boolean NOT NULL,
    created_at timestamp with time zone NOT NULL
);


ALTER TABLE content.short_url OWNER TO example_user;

--
-- Name: short_url_id_seq; Type: SEQUENCE; Schema: content; Owner: example_user
--

ALTER TABLE content.short_url ALTER COLUMN id ADD GENERATED BY DEFAULT AS IDENTITY (
    SEQUENCE NAME content.short_url_id_seq
    START WITH 1
    INCREMENT BY 1
    NO MINVALUE
    NO MAXVALUE
    CACHE 1
);


--
-- Name: smart_contract; Type: TABLE; Schema: content; Owner: example_user
--

CREATE TABLE content.smart_contract (
    id uuid NOT NULL,
    created_at timestamp with time zone NOT NULL,
    updated_at timestamp with time zone NOT NULL,
    administrator_address character varying(255) NOT NULL,
    address character varying(255) NOT NULL
);


ALTER TABLE content.smart_contract OWNER TO example_user;

--
-- Name: token; Type: TABLE; Schema: content; Owner: example_user
--

CREATE TABLE content.token (
    id uuid NOT NULL,
    hide boolean NOT NULL,
    created_at timestamp with time zone NOT NULL,
    updated_at timestamp with time zone NOT NULL,
    type character varying(20) NOT NULL,
    name character varying(255) NOT NULL,
    price numeric(15,8) NOT NULL,
    status_price character varying(10) NOT NULL,
    investor_royalty numeric(15,8) NOT NULL,
    creator_royalty numeric(15,8) NOT NULL,
    description text NOT NULL,
    close boolean NOT NULL,
    close_image character varying(100),
    unlockable boolean NOT NULL,
    unlockable_content text,
    upload_blockchain boolean NOT NULL,
    status character varying(20) NOT NULL,
    "freeze" boolean NOT NULL,
    address character varying(255),
    file_1 character varying(150) NOT NULL,
    file_2 character varying(150) NOT NULL,
    url_opensea character varying(255),
    mint boolean NOT NULL,
    profit numeric(15,8) NOT NULL,
    collection_id uuid NOT NULL,
    currency_token_id uuid NOT NULL,
    pack_id uuid NOT NULL,
    wallet_owner character varying(255) NOT NULL,
    file_1_name_ext character varying(150),
    file_2_name_ext character varying(150)
);


ALTER TABLE content.token OWNER TO example_user;

--
-- Name: token_creator_royalty_distribution; Type: TABLE; Schema: content; Owner: example_user
--

CREATE TABLE content.token_creator_royalty_distribution (
    id bigint NOT NULL,
    token_id uuid NOT NULL,
    creatorroyaltydistribution_id uuid NOT NULL
);


ALTER TABLE content.token_creator_royalty_distribution OWNER TO example_user;

--
-- Name: token_creator_royalty_distribution_id_seq; Type: SEQUENCE; Schema: content; Owner: example_user
--

ALTER TABLE content.token_creator_royalty_distribution ALTER COLUMN id ADD GENERATED BY DEFAULT AS IDENTITY (
    SEQUENCE NAME content.token_creator_royalty_distribution_id_seq
    START WITH 1
    INCREMENT BY 1
    NO MINVALUE
    NO MAXVALUE
    CACHE 1
);


--
-- Name: token_income_distribution; Type: TABLE; Schema: content; Owner: example_user
--

CREATE TABLE content.token_income_distribution (
    id bigint NOT NULL,
    token_id uuid NOT NULL,
    incomedistribution_id uuid NOT NULL
);


ALTER TABLE content.token_income_distribution OWNER TO example_user;

--
-- Name: token_income_distribution_id_seq; Type: SEQUENCE; Schema: content; Owner: example_user
--

ALTER TABLE content.token_income_distribution ALTER COLUMN id ADD GENERATED BY DEFAULT AS IDENTITY (
    SEQUENCE NAME content.token_income_distribution_id_seq
    START WITH 1
    INCREMENT BY 1
    NO MINVALUE
    NO MAXVALUE
    CACHE 1
);


--
-- Name: token_levels_stats; Type: TABLE; Schema: content; Owner: example_user
--

CREATE TABLE content.token_levels_stats (
    id bigint NOT NULL,
    token_id uuid NOT NULL,
    levelsstats_id uuid NOT NULL
);


ALTER TABLE content.token_levels_stats OWNER TO example_user;

--
-- Name: token_levels_stats_id_seq; Type: SEQUENCE; Schema: content; Owner: example_user
--

ALTER TABLE content.token_levels_stats ALTER COLUMN id ADD GENERATED BY DEFAULT AS IDENTITY (
    SEQUENCE NAME content.token_levels_stats_id_seq
    START WITH 1
    INCREMENT BY 1
    NO MINVALUE
    NO MAXVALUE
    CACHE 1
);


--
-- Name: token_properties; Type: TABLE; Schema: content; Owner: example_user
--

CREATE TABLE content.token_properties (
    id bigint NOT NULL,
    token_id uuid NOT NULL,
    properties_id uuid NOT NULL
);


ALTER TABLE content.token_properties OWNER TO example_user;

--
-- Name: token_properties_id_seq; Type: SEQUENCE; Schema: content; Owner: example_user
--

ALTER TABLE content.token_properties ALTER COLUMN id ADD GENERATED BY DEFAULT AS IDENTITY (
    SEQUENCE NAME content.token_properties_id_seq
    START WITH 1
    INCREMENT BY 1
    NO MINVALUE
    NO MAXVALUE
    CACHE 1
);


--
-- Data for Name: account; Type: TABLE DATA; Schema: content; Owner: example_user
--

INSERT INTO content.account (id, hide, created_at, updated_at, link_opensea, link_discord, link_instagram, link_medium, link_twitter, type, logo, cover, banner, name, url, description, items_count, owners_count, collections_count, floor_price_count, volume_troded_count, profit, page_id)
VALUES ('83522e17-602e-4907-8b6a-2a6c51b05b03', 'f', '2023-02-19 12:28:24.572837+00', '2023-02-19 12:28:24.572853+00', '11d1', NULL, NULL, NULL, NULL, 'standard', 'accounts/heroleague_wibVzwE.png', 'accounts/heroleague_rPipev9.png', 'accounts/heroleague_a9bmagi.png', '2222ds1', 'test_url_accounta', '11111111111', 10, 0, 2, 1.00000000, 0.00000000, 10.00000000, 'd3c7efed-2178-4771-9815-d78dbfd3b8e2');

--
-- Data for Name: blockchain; Type: TABLE DATA; Schema: content; Owner: example_user
--

INSERT INTO content.blockchain (id, created_at, updated_at, name)
VALUES ('4733ae56-3bc5-4f5a-86ee-929c6840c7e9', '2023-02-19 12:29:12.820699+00', '2023-02-19 12:29:12.820716+00', 'Ethereu2m'),
('11643bd9-183e-48bc-bad8-07e54c810bc1', '2022-10-26 10:17:44.864546+00', '2022-10-26 10:17:44.864866+00', 'Ethereum'),
('87006a97-37f5-41dd-8664-ed4f8d1c0e9d', '2022-11-22 21:15:54.894614+00', '2023-01-20 08:48:22.025199+00', 'Solana');

--
-- Data for Name: collection; Type: TABLE DATA; Schema: content; Owner: example_user
--

INSERT INTO content.collection (id, hide, created_at, updated_at, link_opensea, link_discord, link_instagram, link_medium, link_twitter, type, logo, featured, banner, name, url, url_opensea, category_opensea, percentage_fee, display_theme, description, upload_blockchain, smart_contract_address, items_count, owners_count, floor_price_count, volume_troded_count, profit, creator_profit, creator_fee, account_id, blockchain_id, page_id, status)
VALUES ('074429ed-816c-41d2-b12b-9b532891f6d3', 'f', '2023-02-19 12:30:15.055301+00', '2023-02-19 12:30:15.055318+00', NULL, NULL, NULL, NULL, NULL, 'standard', 'collections/heroleague_rb4tg53.png', 'collections/heroleague_tQevIlW.png', 'collections/heroleague_d9P54Tj.png', 'ddwew12345d1', 'ddwew12345d1', NULL, '11111', 1.00000000, '1111111', '1111111111', 'f', NULL, 5, 0, 1.00000000, 0.00000000, 5.00000000, 0.00000000, 0.00000000, '83522e17-602e-4907-8b6a-2a6c51b05b03', '4733ae56-3bc5-4f5a-86ee-929c6840c7e9', 'd3c7efed-2178-4771-9815-d78dbfd3b8e2', 'stop'),
('73373e85-d147-479b-9e64-467180c8a718', 'f', '2023-02-19 12:32:28.773473+00', '2023-02-19 12:32:28.773488+00', NULL, NULL, NULL, NULL, NULL, 'standard', 'collections/heroleague_Mf8OOuW.png', 'collections/heroleague_XcaatQK.png', 'collections/heroleague_omMD18W.png', 'test_2', 'test_2', NULL, '11111', 1.00000000, '1111111', '1111111111', 'f', NULL, 5, 0, 1.00000000, 0.00000000, 5.00000000, 0.00000000, 0.00000000, '83522e17-602e-4907-8b6a-2a6c51b05b03', '4733ae56-3bc5-4f5a-86ee-929c6840c7e9', 'd3c7efed-2178-4771-9815-d78dbfd3b8e2', 'stop');

--
-- Data for Name: collection_payment_tokens; Type: TABLE DATA; Schema: content; Owner: example_user
--

INSERT INTO content.collection_payment_tokens (id, collection_id, currencytoken_id) VALUES
(63, '074429ed-816c-41d2-b12b-9b532891f6d3', '92177266-d1ce-4bae-a296-cddae9150e83'),
(64, '074429ed-816c-41d2-b12b-9b532891f6d3', '505bbb24-a0a0-4e19-a53f-0823315cf7e4'),
(65, '73373e85-d147-479b-9e64-467180c8a718', '92177266-d1ce-4bae-a296-cddae9150e83'),
(66, '73373e85-d147-479b-9e64-467180c8a718', '505bbb24-a0a0-4e19-a53f-0823315cf7e4');


--
-- Data for Name: creator_royalty_distribution; Type: TABLE DATA; Schema: content; Owner: example_user
--

INSERT INTO content.creator_royalty_distribution (id, created_at, updated_at, wallet, percent) VALUES ('0be7b5b6-b4bd-4ac4-9e7b-d515a72b2d02','2023-02-19 12:30:47.459219+00','2023-02-19 12:30:47.459233+00','111','10.00000000'), ('172a6ee8-0212-42b4-a4c1-82ce4c5f6bb1','2023-02-19 12:30:47.462388+00','2023-02-19 12:30:47.462403+00','111','90.00000000'), ('6b104a8d-af34-43c7-91fb-f55a2b19fd4f','2023-02-19 12:31:29.383773+00','2023-02-19 12:31:29.383803+00','aqaqaqaqaaqq','10.00000000'), ('593d7252-300b-47dd-99df-d96fe78bb96c','2023-02-19 12:31:29.388777+00','2023-02-19 12:31:29.388806+00','aqddddddddq','10.00000000'), ('9aa54ac2-012d-4c30-9e78-1fb030d69cbd','2023-02-19 12:31:29.392177+00','2023-02-19 12:31:29.392226+00','111','80.00000000'), ('f17519df-84e5-43a4-8137-55d3bb143b10','2023-02-19 12:32:51.375945+00','2023-02-19 12:32:51.37596+00','111','10.00000000'), ('1ad2df43-8d00-4730-bab2-7e8a09886ab5','2023-02-19 12:32:51.378676+00','2023-02-19 12:32:51.378691+00','111','90.00000000');

--
-- Data for Name: currency_token; Type: TABLE DATA; Schema: content; Owner: example_user
--

INSERT INTO content.currency_token (id, created_at, updated_at, name, smart_contract_address, blockchain_id) VALUES ('92177266-d1ce-4bae-a296-cddae9150e83', '2023-02-19 12:29:33.224528+00', '2023-02-19 12:29:33.224546+00', 'ETH2', '1111111111111111111', '4733ae56-3bc5-4f5a-86ee-929c6840c7e9'), ('505bbb24-a0a0-4e19-a53f-0823315cf7e4', '2023-02-19 12:29:55.053237+00', '2023-02-19 12:29:55.053256+00', 'ETH1', '1111111111111111111', '4733ae56-3bc5-4f5a-86ee-929c6840c7e9'), ('53a932bf-8e83-4b56-9d4d-9ccb34ad47c0', '2022-10-26 10:20:07.346879+00', '2023-01-19 17:20:38.917624+00', 'USDT', '1111111111111111111', '11643bd9-183e-48bc-bad8-07e54c810bc1'), ('f56d23c1-5e64-4bf6-9a24-43bbf4c2b6ea', '2022-10-26 10:19:58.549142+00', '2023-01-19 17:21:01.081976+00', 'ETH', '1111111111111111111', '11643bd9-183e-48bc-bad8-07e54c810bc1');

--
-- Data for Name: income_distribution; Type: TABLE DATA; Schema: content; Owner: example_user
--

INSERT INTO content.income_distribution (id, created_at, updated_at, wallet, percent) VALUES ('4cbd24b0-4bfd-49b5-ab31-c53423ae5484', '2023-02-19 12:30:47.464267+00', '2023-02-19 12:30:47.464281+00', 111, 90.00000000), ('f276568e-c48a-4047-819b-a94e4366be89', '2023-02-19 12:32:51.380446+00', '2023-02-19 12:32:51.38046+00', 111, 90.00000000);



--
-- Data for Name: pack; Type: TABLE DATA; Schema: content; Owner: example_user
--

INSERT INTO content.pack (id, hide, created_at, updated_at, type, name, price, status_price, investor_royalty, creator_royalty, description, close, close_image, unlockable, unlockable_content, upload_blockchain, status, "freeze", items_count, profit, collection_id, currency_token_id, wallet_owner, status_duration_date) VALUES ('c8816349-621d-4f7d-9557-948f68a09d37', 'f', '2023-02-19 12:30:47.457014+00', '2023-02-19 12:30:47.45703+00', 'standard', '1111sdsd11111111', 1.00000000, 'auction', 1.00000000, 0.00000000, 'string', 'f', '', 't', 'string', 'f', 'stop', 'f', 5, 5.00000000, '074429ed-816c-41d2-b12b-9b532891f6d3', '92177266-d1ce-4bae-a296-cddae9150e83', '0xc4b643fc991352202cb5ad071d00ebc0a258ce56', '2022-12-25'), ('7481f8ac-556e-4546-a6d1-a4a38b378fa1', 'f', '2023-02-19 12:32:51.374218+00', '2023-02-19 12:32:51.374234+00', 'standard', '1111sdsd11111111', 1.00000000, 'auction', 1.00000000, 0.00000000, 'string', 'f', '', 't', 'string', 'f', 'stop', 'f', 5, 5.00000000, '73373e85-d147-479b-9e64-467180c8a718', '92177266-d1ce-4bae-a296-cddae9150e83', '0xc4b643fc991352202cb5ad071d00ebc0a258ce56', '2022-12-25');


--
-- Data for Name: pack_creator_royalty_distribution; Type: TABLE DATA; Schema: content; Owner: example_user
--

INSERT INTO content.pack_creator_royalty_distribution (id, pack_id, creatorroyaltydistribution_id) VALUES ('168', 'c8816349-621d-4f7d-9557-948f68a09d37', '0be7b5b6-b4bd-4ac4-9e7b-d515a72b2d02'), ('169', 'c8816349-621d-4f7d-9557-948f68a09d37', '172a6ee8-0212-42b4-a4c1-82ce4c5f6bb1'), ('170', '7481f8ac-556e-4546-a6d1-a4a38b378fa1', 'f17519df-84e5-43a4-8137-55d3bb143b10'), ('171', '7481f8ac-556e-4546-a6d1-a4a38b378fa1', '1ad2df43-8d00-4730-bab2-7e8a09886ab5');

--
-- Data for Name: pack_income_distribution; Type: TABLE DATA; Schema: content; Owner: example_user
--

INSERT INTO content.pack_income_distribution (id, pack_id, incomedistribution_id) VALUES ('164', 'c8816349-621d-4f7d-9557-948f68a09d37', '4cbd24b0-4bfd-49b5-ab31-c53423ae5484'), ('165', '7481f8ac-556e-4546-a6d1-a4a38b378fa1', 'f276568e-c48a-4047-819b-a94e4366be89');
--
-- Data for Name: pack_properties; Type: TABLE DATA; Schema: content; Owner: example_user
--

INSERT INTO content.pack_properties (id, pack_id, properties_id) VALUES ('481', 'c8816349-621d-4f7d-9557-948f68a09d37', '6ae1c2bc-dff3-45ba-bb48-5c47488b27d8'), ('482', '7481f8ac-556e-4546-a6d1-a4a38b378fa1', '6ae1c2bc-dff3-45ba-bb48-5c47488b27d8');


--
-- Data for Name: page; Type: TABLE DATA; Schema: content; Owner: example_user
--

INSERT INTO content.page (id, hide, created_at, updated_at, name, number, url, banner, title_1, description, title_2, application_form, icon) VALUES ('d3c7efed-2178-4771-9815-d78dbfd3b8e2', 'f', '2023-02-19 12:27:58.852506+00', '2023-02-19 12:27:58.852521+00', 'test_page1', '235', 'test_page1', 'pages/contact_Am2T1iz.jpg', 'Заголовок 1', 'description', 'Заголовок 2', 'basic', NULL);


--
-- Data for Name: properties; Type: TABLE DATA; Schema: content; Owner: example_user
--

INSERT INTO content.properties(id, created_at, updated_at, name, type) VALUES('6ae1c2bc-dff3-45ba-bb48-5c47488b27d8', '2023-02-19 12:30:47.469605+00', '2023-02-19 12:30:47.469621+00', 'stfgring', 'string'), ('4348a21d-3112-4b92-8a08-36e7bac8a0f0', '2023-02-19 12:31:29.405986+00', '2023-02-19 12:31:29.406003+00', '1212312', 'string');

--
-- Data for Name: token; Type: TABLE DATA; Schema: content; Owner: example_user
--

--
-- Name: collection_payment_tokens_id_seq; Type: SEQUENCE SET; Schema: content; Owner: example_user
--

SELECT pg_catalog.setval('content.collection_payment_tokens_id_seq', 62, true);


--
-- Name: pack_creator_royalty_distribution_id_seq; Type: SEQUENCE SET; Schema: content; Owner: example_user
--

SELECT pg_catalog.setval('content.pack_creator_royalty_distribution_id_seq', 167, true);


--
-- Name: pack_income_distribution_id_seq; Type: SEQUENCE SET; Schema: content; Owner: example_user
--

SELECT pg_catalog.setval('content.pack_income_distribution_id_seq', 163, true);


--
-- Name: pack_levels_stats_id_seq; Type: SEQUENCE SET; Schema: content; Owner: example_user
--

SELECT pg_catalog.setval('content.pack_levels_stats_id_seq', 1, false);


--
-- Name: pack_properties_id_seq; Type: SEQUENCE SET; Schema: content; Owner: example_user
--

SELECT pg_catalog.setval('content.pack_properties_id_seq', 480, true);


--
-- Name: short_url_id_seq; Type: SEQUENCE SET; Schema: content; Owner: example_user
--

SELECT pg_catalog.setval('content.short_url_id_seq', 1, false);


--
-- Name: token_creator_royalty_distribution_id_seq; Type: SEQUENCE SET; Schema: content; Owner: example_user
--

SELECT pg_catalog.setval('content.token_creator_royalty_distribution_id_seq', 1456, true);


--
-- Name: token_income_distribution_id_seq; Type: SEQUENCE SET; Schema: content; Owner: example_user
--

SELECT pg_catalog.setval('content.token_income_distribution_id_seq', 1417, true);


--
-- Name: token_levels_stats_id_seq; Type: SEQUENCE SET; Schema: content; Owner: example_user
--

SELECT pg_catalog.setval('content.token_levels_stats_id_seq', 1, false);


--
-- Name: token_properties_id_seq; Type: SEQUENCE SET; Schema: content; Owner: example_user
--

SELECT pg_catalog.setval('content.token_properties_id_seq', 3431, true);


--
-- Name: account account_name_key; Type: CONSTRAINT; Schema: content; Owner: example_user
--

ALTER TABLE ONLY content.account
    ADD CONSTRAINT account_name_key UNIQUE (name);


--
-- Name: account account_pkey; Type: CONSTRAINT; Schema: content; Owner: example_user
--

ALTER TABLE ONLY content.account
    ADD CONSTRAINT account_pkey PRIMARY KEY (id);


--
-- Name: account account_url_key; Type: CONSTRAINT; Schema: content; Owner: example_user
--

ALTER TABLE ONLY content.account
    ADD CONSTRAINT account_url_key UNIQUE (url);


--
-- Name: blockchain blockchain_name_key; Type: CONSTRAINT; Schema: content; Owner: example_user
--

ALTER TABLE ONLY content.blockchain
    ADD CONSTRAINT blockchain_name_key UNIQUE (name);


--
-- Name: blockchain blockchain_pkey; Type: CONSTRAINT; Schema: content; Owner: example_user
--

ALTER TABLE ONLY content.blockchain
    ADD CONSTRAINT blockchain_pkey PRIMARY KEY (id);


--
-- Name: collection collection_name_key; Type: CONSTRAINT; Schema: content; Owner: example_user
--

ALTER TABLE ONLY content.collection
    ADD CONSTRAINT collection_name_key UNIQUE (name);


--
-- Name: collection_payment_tokens collection_payment_token_collection_id_currencyto_39c18303_uniq; Type: CONSTRAINT; Schema: content; Owner: example_user
--

ALTER TABLE ONLY content.collection_payment_tokens
    ADD CONSTRAINT collection_payment_token_collection_id_currencyto_39c18303_uniq UNIQUE (collection_id, currencytoken_id);


--
-- Name: collection_payment_tokens collection_payment_tokens_pkey; Type: CONSTRAINT; Schema: content; Owner: example_user
--

ALTER TABLE ONLY content.collection_payment_tokens
    ADD CONSTRAINT collection_payment_tokens_pkey PRIMARY KEY (id);


--
-- Name: collection collection_pkey; Type: CONSTRAINT; Schema: content; Owner: example_user
--

ALTER TABLE ONLY content.collection
    ADD CONSTRAINT collection_pkey PRIMARY KEY (id);


--
-- Name: collection collection_url_key; Type: CONSTRAINT; Schema: content; Owner: example_user
--

ALTER TABLE ONLY content.collection
    ADD CONSTRAINT collection_url_key UNIQUE (url);


--
-- Name: creator_royalty_distribution creator_royalty_distribution_pkey; Type: CONSTRAINT; Schema: content; Owner: example_user
--

ALTER TABLE ONLY content.creator_royalty_distribution
    ADD CONSTRAINT creator_royalty_distribution_pkey PRIMARY KEY (id);


--
-- Name: currency_token currency_token_name_key; Type: CONSTRAINT; Schema: content; Owner: example_user
--

ALTER TABLE ONLY content.currency_token
    ADD CONSTRAINT currency_token_name_key UNIQUE (name);


--
-- Name: currency_token currency_token_pkey; Type: CONSTRAINT; Schema: content; Owner: example_user
--

ALTER TABLE ONLY content.currency_token
    ADD CONSTRAINT currency_token_pkey PRIMARY KEY (id);


--
-- Name: income_distribution income_distribution_pkey; Type: CONSTRAINT; Schema: content; Owner: example_user
--

ALTER TABLE ONLY content.income_distribution
    ADD CONSTRAINT income_distribution_pkey PRIMARY KEY (id);


--
-- Name: levels_stats levels_stats_pkey; Type: CONSTRAINT; Schema: content; Owner: example_user
--

ALTER TABLE ONLY content.levels_stats
    ADD CONSTRAINT levels_stats_pkey PRIMARY KEY (id);


--
-- Name: pack pack_collection_id_name_b2ce17e9_uniq; Type: CONSTRAINT; Schema: content; Owner: example_user
--

ALTER TABLE ONLY content.pack
    ADD CONSTRAINT pack_collection_id_name_b2ce17e9_uniq UNIQUE (collection_id, name);


--
-- Name: pack_creator_royalty_distribution pack_creator_royalty_dis_pack_id_creatorroyaltydi_33fe9ad6_uniq; Type: CONSTRAINT; Schema: content; Owner: example_user
--

ALTER TABLE ONLY content.pack_creator_royalty_distribution
    ADD CONSTRAINT pack_creator_royalty_dis_pack_id_creatorroyaltydi_33fe9ad6_uniq UNIQUE (pack_id, creatorroyaltydistribution_id);


--
-- Name: pack_creator_royalty_distribution pack_creator_royalty_distribution_pkey; Type: CONSTRAINT; Schema: content; Owner: example_user
--

ALTER TABLE ONLY content.pack_creator_royalty_distribution
    ADD CONSTRAINT pack_creator_royalty_distribution_pkey PRIMARY KEY (id);


--
-- Name: pack_income_distribution pack_income_distribution_pack_id_incomedistributi_9dd172cd_uniq; Type: CONSTRAINT; Schema: content; Owner: example_user
--

ALTER TABLE ONLY content.pack_income_distribution
    ADD CONSTRAINT pack_income_distribution_pack_id_incomedistributi_9dd172cd_uniq UNIQUE (pack_id, incomedistribution_id);


--
-- Name: pack_income_distribution pack_income_distribution_pkey; Type: CONSTRAINT; Schema: content; Owner: example_user
--

ALTER TABLE ONLY content.pack_income_distribution
    ADD CONSTRAINT pack_income_distribution_pkey PRIMARY KEY (id);


--
-- Name: pack_levels_stats pack_levels_stats_pack_id_levelsstats_id_bc5d419e_uniq; Type: CONSTRAINT; Schema: content; Owner: example_user
--

ALTER TABLE ONLY content.pack_levels_stats
    ADD CONSTRAINT pack_levels_stats_pack_id_levelsstats_id_bc5d419e_uniq UNIQUE (pack_id, levelsstats_id);


--
-- Name: pack_levels_stats pack_levels_stats_pkey; Type: CONSTRAINT; Schema: content; Owner: example_user
--

ALTER TABLE ONLY content.pack_levels_stats
    ADD CONSTRAINT pack_levels_stats_pkey PRIMARY KEY (id);


--
-- Name: pack pack_pkey; Type: CONSTRAINT; Schema: content; Owner: example_user
--

ALTER TABLE ONLY content.pack
    ADD CONSTRAINT pack_pkey PRIMARY KEY (id);


--
-- Name: pack_properties pack_properties_pack_id_properties_id_d8cd1551_uniq; Type: CONSTRAINT; Schema: content; Owner: example_user
--

ALTER TABLE ONLY content.pack_properties
    ADD CONSTRAINT pack_properties_pack_id_properties_id_d8cd1551_uniq UNIQUE (pack_id, properties_id);


--
-- Name: pack_properties pack_properties_pkey; Type: CONSTRAINT; Schema: content; Owner: example_user
--

ALTER TABLE ONLY content.pack_properties
    ADD CONSTRAINT pack_properties_pkey PRIMARY KEY (id);


--
-- Name: page page_name_key; Type: CONSTRAINT; Schema: content; Owner: example_user
--

ALTER TABLE ONLY content.page
    ADD CONSTRAINT page_name_key UNIQUE (name);


--
-- Name: page page_number_key; Type: CONSTRAINT; Schema: content; Owner: example_user
--

ALTER TABLE ONLY content.page
    ADD CONSTRAINT page_number_key UNIQUE (number);


--
-- Name: page page_pkey; Type: CONSTRAINT; Schema: content; Owner: example_user
--

ALTER TABLE ONLY content.page
    ADD CONSTRAINT page_pkey PRIMARY KEY (id);


--
-- Name: page page_url_key; Type: CONSTRAINT; Schema: content; Owner: example_user
--

ALTER TABLE ONLY content.page
    ADD CONSTRAINT page_url_key UNIQUE (url);


--
-- Name: properties properties_pkey; Type: CONSTRAINT; Schema: content; Owner: example_user
--

ALTER TABLE ONLY content.properties
    ADD CONSTRAINT properties_pkey PRIMARY KEY (id);


--
-- Name: short_url short_url_pkey; Type: CONSTRAINT; Schema: content; Owner: example_user
--

ALTER TABLE ONLY content.short_url
    ADD CONSTRAINT short_url_pkey PRIMARY KEY (id);


--
-- Name: short_url short_url_url_hash_key; Type: CONSTRAINT; Schema: content; Owner: example_user
--

ALTER TABLE ONLY content.short_url
    ADD CONSTRAINT short_url_url_hash_key UNIQUE (url_hash);


--
-- Name: smart_contract smart_contract_administrator_address_address_23e49189_uniq; Type: CONSTRAINT; Schema: content; Owner: example_user
--

ALTER TABLE ONLY content.smart_contract
    ADD CONSTRAINT smart_contract_administrator_address_address_23e49189_uniq UNIQUE (administrator_address, address);


--
-- Name: smart_contract smart_contract_pkey; Type: CONSTRAINT; Schema: content; Owner: example_user
--

ALTER TABLE ONLY content.smart_contract
    ADD CONSTRAINT smart_contract_pkey PRIMARY KEY (id);


--
-- Name: token token_collection_id_name_9632e172_uniq; Type: CONSTRAINT; Schema: content; Owner: example_user
--

ALTER TABLE ONLY content.token
    ADD CONSTRAINT token_collection_id_name_9632e172_uniq UNIQUE (collection_id, name);


--
-- Name: token_creator_royalty_distribution token_creator_royalty_di_token_id_creatorroyaltyd_9ce2355a_uniq; Type: CONSTRAINT; Schema: content; Owner: example_user
--

ALTER TABLE ONLY content.token_creator_royalty_distribution
    ADD CONSTRAINT token_creator_royalty_di_token_id_creatorroyaltyd_9ce2355a_uniq UNIQUE (token_id, creatorroyaltydistribution_id);


--
-- Name: token_creator_royalty_distribution token_creator_royalty_distribution_pkey; Type: CONSTRAINT; Schema: content; Owner: example_user
--

ALTER TABLE ONLY content.token_creator_royalty_distribution
    ADD CONSTRAINT token_creator_royalty_distribution_pkey PRIMARY KEY (id);


--
-- Name: token_income_distribution token_income_distributio_token_id_incomedistribut_3194f9e1_uniq; Type: CONSTRAINT; Schema: content; Owner: example_user
--

ALTER TABLE ONLY content.token_income_distribution
    ADD CONSTRAINT token_income_distributio_token_id_incomedistribut_3194f9e1_uniq UNIQUE (token_id, incomedistribution_id);


--
-- Name: token_income_distribution token_income_distribution_pkey; Type: CONSTRAINT; Schema: content; Owner: example_user
--

ALTER TABLE ONLY content.token_income_distribution
    ADD CONSTRAINT token_income_distribution_pkey PRIMARY KEY (id);


--
-- Name: token_levels_stats token_levels_stats_pkey; Type: CONSTRAINT; Schema: content; Owner: example_user
--

ALTER TABLE ONLY content.token_levels_stats
    ADD CONSTRAINT token_levels_stats_pkey PRIMARY KEY (id);


--
-- Name: token_levels_stats token_levels_stats_token_id_levelsstats_id_1463d9a4_uniq; Type: CONSTRAINT; Schema: content; Owner: example_user
--

ALTER TABLE ONLY content.token_levels_stats
    ADD CONSTRAINT token_levels_stats_token_id_levelsstats_id_1463d9a4_uniq UNIQUE (token_id, levelsstats_id);


--
-- Name: token token_pkey; Type: CONSTRAINT; Schema: content; Owner: example_user
--

ALTER TABLE ONLY content.token
    ADD CONSTRAINT token_pkey PRIMARY KEY (id);


--
-- Name: token_properties token_properties_pkey; Type: CONSTRAINT; Schema: content; Owner: example_user
--

ALTER TABLE ONLY content.token_properties
    ADD CONSTRAINT token_properties_pkey PRIMARY KEY (id);


--
-- Name: token_properties token_properties_token_id_properties_id_0f4e0ba7_uniq; Type: CONSTRAINT; Schema: content; Owner: example_user
--

ALTER TABLE ONLY content.token_properties
    ADD CONSTRAINT token_properties_token_id_properties_id_0f4e0ba7_uniq UNIQUE (token_id, properties_id);


--
-- Name: account_name_375dcd3c_like; Type: INDEX; Schema: content; Owner: example_user
--

CREATE INDEX account_name_375dcd3c_like ON content.account USING btree (name varchar_pattern_ops);


--
-- Name: account_page_id_c88f7ccd; Type: INDEX; Schema: content; Owner: example_user
--

CREATE INDEX account_page_id_c88f7ccd ON content.account USING btree (page_id);


--
-- Name: account_url_fb5cb7f7_like; Type: INDEX; Schema: content; Owner: example_user
--

CREATE INDEX account_url_fb5cb7f7_like ON content.account USING btree (url varchar_pattern_ops);


--
-- Name: blockchain_name_b1cb2b21_like; Type: INDEX; Schema: content; Owner: example_user
--

CREATE INDEX blockchain_name_b1cb2b21_like ON content.blockchain USING btree (name varchar_pattern_ops);


--
-- Name: collection_account_id_a017f023; Type: INDEX; Schema: content; Owner: example_user
--

CREATE INDEX collection_account_id_a017f023 ON content.collection USING btree (account_id);


--
-- Name: collection_blockchain_id_2bd3ea5d; Type: INDEX; Schema: content; Owner: example_user
--

CREATE INDEX collection_blockchain_id_2bd3ea5d ON content.collection USING btree (blockchain_id);


--
-- Name: collection_name_1eeceedf_like; Type: INDEX; Schema: content; Owner: example_user
--

CREATE INDEX collection_name_1eeceedf_like ON content.collection USING btree (name varchar_pattern_ops);


--
-- Name: collection_page_id_624a7053; Type: INDEX; Schema: content; Owner: example_user
--

CREATE INDEX collection_page_id_624a7053 ON content.collection USING btree (page_id);


--
-- Name: collection_payment_tokens_collection_id_a96456de; Type: INDEX; Schema: content; Owner: example_user
--

CREATE INDEX collection_payment_tokens_collection_id_a96456de ON content.collection_payment_tokens USING btree (collection_id);


--
-- Name: collection_payment_tokens_currencytoken_id_c6ad0f00; Type: INDEX; Schema: content; Owner: example_user
--

CREATE INDEX collection_payment_tokens_currencytoken_id_c6ad0f00 ON content.collection_payment_tokens USING btree (currencytoken_id);


--
-- Name: collection_url_3357cce5_like; Type: INDEX; Schema: content; Owner: example_user
--

CREATE INDEX collection_url_3357cce5_like ON content.collection USING btree (url varchar_pattern_ops);


--
-- Name: currency_token_blockchain_id_40c0019c; Type: INDEX; Schema: content; Owner: example_user
--

CREATE INDEX currency_token_blockchain_id_40c0019c ON content.currency_token USING btree (blockchain_id);


--
-- Name: currency_token_name_e7595d43_like; Type: INDEX; Schema: content; Owner: example_user
--

CREATE INDEX currency_token_name_e7595d43_like ON content.currency_token USING btree (name varchar_pattern_ops);


--
-- Name: pack_collection_id_0c7e638d; Type: INDEX; Schema: content; Owner: example_user
--

CREATE INDEX pack_collection_id_0c7e638d ON content.pack USING btree (collection_id);


--
-- Name: pack_creator_royalty_distr_creatorroyaltydistribution_9ed44621; Type: INDEX; Schema: content; Owner: example_user
--

CREATE INDEX pack_creator_royalty_distr_creatorroyaltydistribution_9ed44621 ON content.pack_creator_royalty_distribution USING btree (creatorroyaltydistribution_id);


--
-- Name: pack_creator_royalty_distribution_pack_id_dc18dff1; Type: INDEX; Schema: content; Owner: example_user
--

CREATE INDEX pack_creator_royalty_distribution_pack_id_dc18dff1 ON content.pack_creator_royalty_distribution USING btree (pack_id);


--
-- Name: pack_currency_token_id_4619cedb; Type: INDEX; Schema: content; Owner: example_user
--

CREATE INDEX pack_currency_token_id_4619cedb ON content.pack USING btree (currency_token_id);


--
-- Name: pack_income_distribution_incomedistribution_id_2ba980a1; Type: INDEX; Schema: content; Owner: example_user
--

CREATE INDEX pack_income_distribution_incomedistribution_id_2ba980a1 ON content.pack_income_distribution USING btree (incomedistribution_id);


--
-- Name: pack_income_distribution_pack_id_d388427d; Type: INDEX; Schema: content; Owner: example_user
--

CREATE INDEX pack_income_distribution_pack_id_d388427d ON content.pack_income_distribution USING btree (pack_id);


--
-- Name: pack_levels_stats_levelsstats_id_132f6886; Type: INDEX; Schema: content; Owner: example_user
--

CREATE INDEX pack_levels_stats_levelsstats_id_132f6886 ON content.pack_levels_stats USING btree (levelsstats_id);


--
-- Name: pack_levels_stats_pack_id_818623af; Type: INDEX; Schema: content; Owner: example_user
--

CREATE INDEX pack_levels_stats_pack_id_818623af ON content.pack_levels_stats USING btree (pack_id);


--
-- Name: pack_properties_pack_id_0cb13390; Type: INDEX; Schema: content; Owner: example_user
--

CREATE INDEX pack_properties_pack_id_0cb13390 ON content.pack_properties USING btree (pack_id);


--
-- Name: pack_properties_properties_id_56129e4b; Type: INDEX; Schema: content; Owner: example_user
--

CREATE INDEX pack_properties_properties_id_56129e4b ON content.pack_properties USING btree (properties_id);


--
-- Name: page_name_e86de33f_like; Type: INDEX; Schema: content; Owner: example_user
--

CREATE INDEX page_name_e86de33f_like ON content.page USING btree (name varchar_pattern_ops);


--
-- Name: page_url_5124e4bb_like; Type: INDEX; Schema: content; Owner: example_user
--

CREATE INDEX page_url_5124e4bb_like ON content.page USING btree (url varchar_pattern_ops);


--
-- Name: short_url_url_hash_57c3406c_like; Type: INDEX; Schema: content; Owner: example_user
--

CREATE INDEX short_url_url_hash_57c3406c_like ON content.short_url USING btree (url_hash varchar_pattern_ops);


--
-- Name: token_collection_id_87c5c756; Type: INDEX; Schema: content; Owner: example_user
--

CREATE INDEX token_collection_id_87c5c756 ON content.token USING btree (collection_id);


--
-- Name: token_creator_royalty_dist_creatorroyaltydistribution_c73dc10d; Type: INDEX; Schema: content; Owner: example_user
--

CREATE INDEX token_creator_royalty_dist_creatorroyaltydistribution_c73dc10d ON content.token_creator_royalty_distribution USING btree (creatorroyaltydistribution_id);


--
-- Name: token_creator_royalty_distribution_token_id_1bcd56ec; Type: INDEX; Schema: content; Owner: example_user
--

CREATE INDEX token_creator_royalty_distribution_token_id_1bcd56ec ON content.token_creator_royalty_distribution USING btree (token_id);


--
-- Name: token_currency_token_id_41eb0f3c; Type: INDEX; Schema: content; Owner: example_user
--

CREATE INDEX token_currency_token_id_41eb0f3c ON content.token USING btree (currency_token_id);


--
-- Name: token_income_distribution_incomedistribution_id_0b98fa66; Type: INDEX; Schema: content; Owner: example_user
--

CREATE INDEX token_income_distribution_incomedistribution_id_0b98fa66 ON content.token_income_distribution USING btree (incomedistribution_id);


--
-- Name: token_income_distribution_token_id_d4cad943; Type: INDEX; Schema: content; Owner: example_user
--

CREATE INDEX token_income_distribution_token_id_d4cad943 ON content.token_income_distribution USING btree (token_id);


--
-- Name: token_levels_stats_levelsstats_id_53d466ef; Type: INDEX; Schema: content; Owner: example_user
--

CREATE INDEX token_levels_stats_levelsstats_id_53d466ef ON content.token_levels_stats USING btree (levelsstats_id);


--
-- Name: token_levels_stats_token_id_9c4d7f9c; Type: INDEX; Schema: content; Owner: example_user
--

CREATE INDEX token_levels_stats_token_id_9c4d7f9c ON content.token_levels_stats USING btree (token_id);


--
-- Name: token_pack_id_c9ea552a; Type: INDEX; Schema: content; Owner: example_user
--

CREATE INDEX token_pack_id_c9ea552a ON content.token USING btree (pack_id);


--
-- Name: token_properties_properties_id_eb73cd7c; Type: INDEX; Schema: content; Owner: example_user
--

CREATE INDEX token_properties_properties_id_eb73cd7c ON content.token_properties USING btree (properties_id);


--
-- Name: token_properties_token_id_48721d48; Type: INDEX; Schema: content; Owner: example_user
--

CREATE INDEX token_properties_token_id_48721d48 ON content.token_properties USING btree (token_id);


--
-- Name: account account_page_id_c88f7ccd_fk_page_id; Type: FK CONSTRAINT; Schema: content; Owner: example_user
--

ALTER TABLE ONLY content.account
    ADD CONSTRAINT account_page_id_c88f7ccd_fk_page_id FOREIGN KEY (page_id) REFERENCES content.page(id) DEFERRABLE INITIALLY DEFERRED;


--
-- Name: collection collection_account_id_a017f023_fk_account_id; Type: FK CONSTRAINT; Schema: content; Owner: example_user
--

ALTER TABLE ONLY content.collection
    ADD CONSTRAINT collection_account_id_a017f023_fk_account_id FOREIGN KEY (account_id) REFERENCES content.account(id) DEFERRABLE INITIALLY DEFERRED;


--
-- Name: collection collection_blockchain_id_2bd3ea5d_fk_blockchain_id; Type: FK CONSTRAINT; Schema: content; Owner: example_user
--

ALTER TABLE ONLY content.collection
    ADD CONSTRAINT collection_blockchain_id_2bd3ea5d_fk_blockchain_id FOREIGN KEY (blockchain_id) REFERENCES content.blockchain(id) DEFERRABLE INITIALLY DEFERRED;


--
-- Name: collection collection_page_id_624a7053_fk_page_id; Type: FK CONSTRAINT; Schema: content; Owner: example_user
--

ALTER TABLE ONLY content.collection
    ADD CONSTRAINT collection_page_id_624a7053_fk_page_id FOREIGN KEY (page_id) REFERENCES content.page(id) DEFERRABLE INITIALLY DEFERRED;


--
-- Name: collection_payment_tokens collection_payment_t_collection_id_a96456de_fk_collectio; Type: FK CONSTRAINT; Schema: content; Owner: example_user
--

ALTER TABLE ONLY content.collection_payment_tokens
    ADD CONSTRAINT collection_payment_t_collection_id_a96456de_fk_collectio FOREIGN KEY (collection_id) REFERENCES content.collection(id) DEFERRABLE INITIALLY DEFERRED;


--
-- Name: collection_payment_tokens collection_payment_t_currencytoken_id_c6ad0f00_fk_currency_; Type: FK CONSTRAINT; Schema: content; Owner: example_user
--

ALTER TABLE ONLY content.collection_payment_tokens
    ADD CONSTRAINT collection_payment_t_currencytoken_id_c6ad0f00_fk_currency_ FOREIGN KEY (currencytoken_id) REFERENCES content.currency_token(id) DEFERRABLE INITIALLY DEFERRED;


--
-- Name: currency_token currency_token_blockchain_id_40c0019c_fk_blockchain_id; Type: FK CONSTRAINT; Schema: content; Owner: example_user
--

ALTER TABLE ONLY content.currency_token
    ADD CONSTRAINT currency_token_blockchain_id_40c0019c_fk_blockchain_id FOREIGN KEY (blockchain_id) REFERENCES content.blockchain(id) DEFERRABLE INITIALLY DEFERRED;


--
-- Name: pack pack_collection_id_0c7e638d_fk_collection_id; Type: FK CONSTRAINT; Schema: content; Owner: example_user
--

ALTER TABLE ONLY content.pack
    ADD CONSTRAINT pack_collection_id_0c7e638d_fk_collection_id FOREIGN KEY (collection_id) REFERENCES content.collection(id) DEFERRABLE INITIALLY DEFERRED;


--
-- Name: pack_creator_royalty_distribution pack_creator_royalty_creatorroyaltydistri_9ed44621_fk_creator_r; Type: FK CONSTRAINT; Schema: content; Owner: example_user
--

ALTER TABLE ONLY content.pack_creator_royalty_distribution
    ADD CONSTRAINT pack_creator_royalty_creatorroyaltydistri_9ed44621_fk_creator_r FOREIGN KEY (creatorroyaltydistribution_id) REFERENCES content.creator_royalty_distribution(id) DEFERRABLE INITIALLY DEFERRED;


--
-- Name: pack_creator_royalty_distribution pack_creator_royalty_distribution_pack_id_dc18dff1_fk_pack_id; Type: FK CONSTRAINT; Schema: content; Owner: example_user
--

ALTER TABLE ONLY content.pack_creator_royalty_distribution
    ADD CONSTRAINT pack_creator_royalty_distribution_pack_id_dc18dff1_fk_pack_id FOREIGN KEY (pack_id) REFERENCES content.pack(id) DEFERRABLE INITIALLY DEFERRED;


--
-- Name: pack pack_currency_token_id_4619cedb_fk_currency_token_id; Type: FK CONSTRAINT; Schema: content; Owner: example_user
--

ALTER TABLE ONLY content.pack
    ADD CONSTRAINT pack_currency_token_id_4619cedb_fk_currency_token_id FOREIGN KEY (currency_token_id) REFERENCES content.currency_token(id) DEFERRABLE INITIALLY DEFERRED;


--
-- Name: pack_income_distribution pack_income_distribu_incomedistribution_i_2ba980a1_fk_income_di; Type: FK CONSTRAINT; Schema: content; Owner: example_user
--

ALTER TABLE ONLY content.pack_income_distribution
    ADD CONSTRAINT pack_income_distribu_incomedistribution_i_2ba980a1_fk_income_di FOREIGN KEY (incomedistribution_id) REFERENCES content.income_distribution(id) DEFERRABLE INITIALLY DEFERRED;


--
-- Name: pack_income_distribution pack_income_distribution_pack_id_d388427d_fk_pack_id; Type: FK CONSTRAINT; Schema: content; Owner: example_user
--

ALTER TABLE ONLY content.pack_income_distribution
    ADD CONSTRAINT pack_income_distribution_pack_id_d388427d_fk_pack_id FOREIGN KEY (pack_id) REFERENCES content.pack(id) DEFERRABLE INITIALLY DEFERRED;


--
-- Name: pack_levels_stats pack_levels_stats_levelsstats_id_132f6886_fk_levels_stats_id; Type: FK CONSTRAINT; Schema: content; Owner: example_user
--

ALTER TABLE ONLY content.pack_levels_stats
    ADD CONSTRAINT pack_levels_stats_levelsstats_id_132f6886_fk_levels_stats_id FOREIGN KEY (levelsstats_id) REFERENCES content.levels_stats(id) DEFERRABLE INITIALLY DEFERRED;


--
-- Name: pack_levels_stats pack_levels_stats_pack_id_818623af_fk_pack_id; Type: FK CONSTRAINT; Schema: content; Owner: example_user
--

ALTER TABLE ONLY content.pack_levels_stats
    ADD CONSTRAINT pack_levels_stats_pack_id_818623af_fk_pack_id FOREIGN KEY (pack_id) REFERENCES content.pack(id) DEFERRABLE INITIALLY DEFERRED;


--
-- Name: pack_properties pack_properties_pack_id_0cb13390_fk_pack_id; Type: FK CONSTRAINT; Schema: content; Owner: example_user
--

ALTER TABLE ONLY content.pack_properties
    ADD CONSTRAINT pack_properties_pack_id_0cb13390_fk_pack_id FOREIGN KEY (pack_id) REFERENCES content.pack(id) DEFERRABLE INITIALLY DEFERRED;


--
-- Name: pack_properties pack_properties_properties_id_56129e4b_fk_properties_id; Type: FK CONSTRAINT; Schema: content; Owner: example_user
--

ALTER TABLE ONLY content.pack_properties
    ADD CONSTRAINT pack_properties_properties_id_56129e4b_fk_properties_id FOREIGN KEY (properties_id) REFERENCES content.properties(id) DEFERRABLE INITIALLY DEFERRED;


--
-- Name: token token_collection_id_87c5c756_fk_collection_id; Type: FK CONSTRAINT; Schema: content; Owner: example_user
--

ALTER TABLE ONLY content.token
    ADD CONSTRAINT token_collection_id_87c5c756_fk_collection_id FOREIGN KEY (collection_id) REFERENCES content.collection(id) DEFERRABLE INITIALLY DEFERRED;


--
-- Name: token_creator_royalty_distribution token_creator_royalt_creatorroyaltydistri_c73dc10d_fk_creator_r; Type: FK CONSTRAINT; Schema: content; Owner: example_user
--

ALTER TABLE ONLY content.token_creator_royalty_distribution
    ADD CONSTRAINT token_creator_royalt_creatorroyaltydistri_c73dc10d_fk_creator_r FOREIGN KEY (creatorroyaltydistribution_id) REFERENCES content.creator_royalty_distribution(id) DEFERRABLE INITIALLY DEFERRED;


--
-- Name: token_creator_royalty_distribution token_creator_royalt_token_id_1bcd56ec_fk_token_id; Type: FK CONSTRAINT; Schema: content; Owner: example_user
--

ALTER TABLE ONLY content.token_creator_royalty_distribution
    ADD CONSTRAINT token_creator_royalt_token_id_1bcd56ec_fk_token_id FOREIGN KEY (token_id) REFERENCES content.token(id) DEFERRABLE INITIALLY DEFERRED;


--
-- Name: token token_currency_token_id_41eb0f3c_fk_currency_token_id; Type: FK CONSTRAINT; Schema: content; Owner: example_user
--

ALTER TABLE ONLY content.token
    ADD CONSTRAINT token_currency_token_id_41eb0f3c_fk_currency_token_id FOREIGN KEY (currency_token_id) REFERENCES content.currency_token(id) DEFERRABLE INITIALLY DEFERRED;


--
-- Name: token_income_distribution token_income_distrib_incomedistribution_i_0b98fa66_fk_income_di; Type: FK CONSTRAINT; Schema: content; Owner: example_user
--

ALTER TABLE ONLY content.token_income_distribution
    ADD CONSTRAINT token_income_distrib_incomedistribution_i_0b98fa66_fk_income_di FOREIGN KEY (incomedistribution_id) REFERENCES content.income_distribution(id) DEFERRABLE INITIALLY DEFERRED;


--
-- Name: token_income_distribution token_income_distribution_token_id_d4cad943_fk_token_id; Type: FK CONSTRAINT; Schema: content; Owner: example_user
--

ALTER TABLE ONLY content.token_income_distribution
    ADD CONSTRAINT token_income_distribution_token_id_d4cad943_fk_token_id FOREIGN KEY (token_id) REFERENCES content.token(id) DEFERRABLE INITIALLY DEFERRED;


--
-- Name: token_levels_stats token_levels_stats_levelsstats_id_53d466ef_fk_levels_stats_id; Type: FK CONSTRAINT; Schema: content; Owner: example_user
--

ALTER TABLE ONLY content.token_levels_stats
    ADD CONSTRAINT token_levels_stats_levelsstats_id_53d466ef_fk_levels_stats_id FOREIGN KEY (levelsstats_id) REFERENCES content.levels_stats(id) DEFERRABLE INITIALLY DEFERRED;


--
-- Name: token_levels_stats token_levels_stats_token_id_9c4d7f9c_fk_token_id; Type: FK CONSTRAINT; Schema: content; Owner: example_user
--

ALTER TABLE ONLY content.token_levels_stats
    ADD CONSTRAINT token_levels_stats_token_id_9c4d7f9c_fk_token_id FOREIGN KEY (token_id) REFERENCES content.token(id) DEFERRABLE INITIALLY DEFERRED;


--
-- Name: token token_pack_id_c9ea552a_fk_pack_id; Type: FK CONSTRAINT; Schema: content; Owner: example_user
--

ALTER TABLE ONLY content.token
    ADD CONSTRAINT token_pack_id_c9ea552a_fk_pack_id FOREIGN KEY (pack_id) REFERENCES content.pack(id) DEFERRABLE INITIALLY DEFERRED;


--
-- Name: token_properties token_properties_properties_id_eb73cd7c_fk_properties_id; Type: FK CONSTRAINT; Schema: content; Owner: example_user
--

ALTER TABLE ONLY content.token_properties
    ADD CONSTRAINT token_properties_properties_id_eb73cd7c_fk_properties_id FOREIGN KEY (properties_id) REFERENCES content.properties(id) DEFERRABLE INITIALLY DEFERRED;


--
-- Name: token_properties token_properties_token_id_48721d48_fk_token_id; Type: FK CONSTRAINT; Schema: content; Owner: example_user
--

ALTER TABLE ONLY content.token_properties
    ADD CONSTRAINT token_properties_token_id_48721d48_fk_token_id FOREIGN KEY (token_id) REFERENCES content.token(id) DEFERRABLE INITIALLY DEFERRED;


--
-- PostgreSQL database dump complete
--

